视频文件名,视频地址
炮友激情操逼特写小嘴吃jb，小时激情不断操，骑乘暴插多毛骚穴，娇喘呻吟爽翻,https://d1.xia12345.com/video/202503/67dda0bdba8bde5fd5418e2b/hd.mp4
激情操逼特写小嘴吃jb，小时激情不断操，骑乘暴插多毛骚穴，娇喘呻吟爽翻,https://d1.xia12345.com/video/202503/67dda0bdba8bde5fd5418e29/hd.mp4
激情啪啪，口活很棒让小哥吃奶舔逼舔菊花，各种体位无套抽插好刺激,https://d1.xia12345.com/video/202503/67dda0bdba8bde5fd5418e28/hd.mp4
激情名场面，双屌轮流吃，唇钉嫩妹妹，穿上白丝骑乘位，自己上下动，侧入操嫩穴,https://d1.xia12345.com/video/202503/67dda0bdba8bde5fd5418e27/hd.mp4
漏奶情趣装，口交乳交大鸡巴，床上床下多体位蹂躏爆草，浪叫呻吟不止,https://d1.xia12345.com/video/202503/67dda0bdba8bde5fd5418e26/hd.mp4
漂亮美眉身材娇小家具厂慰问工人小哥捉迷藏谁先找到有逼操否则就是看别人操逼的份了p原版,https://d1.xia12345.com/video/202503/67dda0bdba8bde5fd5418e24/hd.mp4
漏奶情趣装，口交乳交大鸡巴，床上床下多体位蹂躏爆草，浪叫呻吟不止 (),https://d1.xia12345.com/video/202503/67dda0bdba8bde5fd5418e25/hd.mp4
漂亮美女被大鸡吧无套爆菊花插的屁眼大开肠液流出鲍鱼一开一合最后口爆吃精高清p原版,https://d1.xia12345.com/video/202503/67dda0bdba8bde5fd5418e23/hd.mp4
漂亮大奶人妻吃鸡乳交身材丰满酒店约操大洋吊操遍房间每个角落被无套输出口爆射了满满一脸高清p原版,https://d1.xia12345.com/video/202503/67dda0bdba8bde5fd5418e22/hd.mp4
游泳找小虎，巨乳任你舔p原版,https://d1.xia12345.com/video/202503/67dda0bdba8bde5fd5418e20/hd.mp4
湿滑无比汁液拉丝，操出白浆，啊爸爸操我，妖精吸阳采精 (4),https://d1.xia12345.com/video/202503/67dda0bdba8bde5fd5418e21/hd.mp4
清纯诱惑完美结合，翘起小屁屁迎接大肉棒进入，你以为的女神背地里其实是个任人羞辱的小贱货,https://d1.xia12345.com/video/202503/67dda0bdba8bde5fd5418e1f/hd.mp4
清纯文静甜妹，被两老哥一起玩，按头猛插小嘴，一个插嘴一个扣穴，怼入小穴，太紧了，一顿爆草,https://d1.xia12345.com/video/202503/67dda0bdba8bde5fd5418e1e/hd.mp4
清纯小女友，出租屋操小骚逼，较小身材，跪着大屌插嘴，口活很棒舔蛋吸吮，骑乘位爆插，后入猛怼,https://d1.xia12345.com/video/202503/67dda0bdba8bde5fd5418e1d/hd.mp4
清纯娃娃脸白虎美少女超可爱黑丝开档被主人中出，看似清纯少女床上真是骚，让我内射她的小嫩穴，妹妹超甜高清,https://d1.xia12345.com/video/202503/67dda0bdba8bde5fd5418e1c/hd.mp4
淫萝少女看av自慰房东追租正中下怀嫩穴肉偿大屌爆刺淫汁狂滴内射欲女,https://d1.xia12345.com/video/202503/67dda0bdba8bde5fd5418e1b/hd.mp4
淫荡骚母狗男一女群p名场面酒店排着队吃吊，骑乘位边操边舔，后入前后夹击，轮流输出，搞的舒服了,https://d1.xia12345.com/video/202503/67dda0bdba8bde5fd5418e1a/hd.mp4
淫妇坐在发上调情结果被小伙狠草付费资源高清p原版,https://d1.xia12345.com/video/202503/67dda0bdba8bde5fd5418e18/hd.mp4
淫荡小母狗，可爱小学妹戴上小母狗尾巴肛塞，魔鬼身材超紧小嫩逼，床上喜欢一边被羞辱一边挨操又纯又,https://d1.xia12345.com/video/202503/67dda0bdba8bde5fd5418e19/hd.mp4
淫声荡语不断叫爸爸，小骚逼被好姐妹玩出好多淫水，嘴里吃几把穴被草,https://d1.xia12345.com/video/202503/67dda0bdba8bde5fd5418e17/hd.mp4
泰国炮男的嫩萝玩物约炮小淫娃，淫声荡语，让小哥草了骚逼还草嘴，口爆吞精真刺激onlyfan,https://d1.xia12345.com/video/202503/67dda0bdba8bde5fd5418e15/hd.mp4
淫交p群p淫乱派对各种啪啪露出调教，在老公眼前被单男调教轮着爆操完结高清p原版,https://d1.xia12345.com/video/202503/67dda0bdba8bde5fd5418e16/hd.mp4
